name,version,license,repository
aead,0.5.2,MIT OR Apache-2.0,https://github.com/RustCrypto/traits
aead,0.6.1,MIT OR Apache-2.0,https://github.com/RustCrypto/traits
anyhow,1.0.104,MIT OR Apache-2.0,https://github.com/dtolnay/anyhow
arc-swap,1.9.2,MIT OR Apache-2.0,https://github.com/vorner/arc-swap
argon2,0.5.3,MIT OR Apache-2.0,https://github.com/RustCrypto/password-hashes/tree/master/argon2
argon2,0.6.0-rc.8,MIT OR Apache-2.0,https://github.com/RustCrypto/password-hashes
arrayref,0.3.9,BSD-2-Clause,https://github.com/droundy/arrayref
arrayvec,0.7.8,MIT OR Apache-2.0,https://github.com/bluss/arrayvec
asn1-rs,0.6.2,MIT OR Apache-2.0,https://github.com/rusticata/asn1-rs.git
asn1-rs-derive,0.5.1,MIT OR Apache-2.0,https://github.com/rusticata/asn1-rs.git
asn1-rs-impl,0.2.0,MIT/Apache-2.0,https://github.com/rusticata/asn1-rs.git
atomic-waker,1.1.2,Apache-2.0 OR MIT,https://github.com/smol-rs/atomic-waker
autocfg,1.5.1,Apache-2.0 OR MIT,https://github.com/cuviper/autocfg
aws-lc-rs,1.17.3,ISC AND (Apache-2.0 OR ISC),https://github.com/aws/aws-lc-rs
aws-lc-sys,0.43.0,ISC AND (Apache-2.0 OR ISC) AND Apache-2.0 AND MIT AND BSD-3-Clause AND (Apache-2.0 OR ISC OR MIT) AND (Apache-2.0 OR ISC OR MIT-0),https://github.com/aws/aws-lc-rs
base-x,0.2.11,MIT,https://github.com/OrKoN/base-x-rs
base256emoji,1.0.2,MIT,https://github.com/Jorropo/base256emoji/
base45,3.2.0,MIT,https://github.com/opendevtools/base45
base58-monero,2.1.0,MIT,https://github.com/monero-rs/base58-monero
base64,0.13.1,MIT/Apache-2.0,https://github.com/marshallpierce/rust-base64
base64,0.21.7,MIT OR Apache-2.0,https://github.com/marshallpierce/rust-base64
base64,0.22.1,MIT OR Apache-2.0,https://github.com/marshallpierce/rust-base64
base64ct,1.8.3,Apache-2.0 OR MIT,https://github.com/RustCrypto/formats
base64urlsafedata,0.5.5,MPL-2.0,https://github.com/kanidm/webauthn-rs
bech32,0.11.1,MIT,https://github.com/rust-bitcoin/rust-bech32
bincode,1.3.3,MIT,https://github.com/servo/bincode
bitflags,2.13.1,MIT OR Apache-2.0,https://github.com/bitflags/bitflags
bitvec,1.1.1,MIT,https://github.com/bitvecto-rs/bitvec
blake2,0.10.6,MIT OR Apache-2.0,https://github.com/RustCrypto/hashes
blake2,0.11.0-rc.6,MIT OR Apache-2.0,https://github.com/RustCrypto/hashes
blake3,1.8.5,CC0-1.0 OR Apache-2.0 OR Apache-2.0 WITH LLVM-exception,https://github.com/BLAKE3-team/BLAKE3
block-buffer,0.10.4,MIT OR Apache-2.0,https://github.com/RustCrypto/utils
block-buffer,0.12.1,MIT OR Apache-2.0,https://github.com/RustCrypto/utils
bnum,0.13.0,MIT OR Apache-2.0,https://github.com/isaacholt100/bnum
borsh,1.8.0,MIT OR Apache-2.0,https://github.com/near/borsh-rs
borsh-derive,1.8.0,Apache-2.0,https://github.com/near/borsh-rs
bounded-vec,0.9.0,CC0-1.0,https://github.com/ergoplatform/bounded-vec
bs58,0.5.1,MIT/Apache-2.0,https://github.com/Nullus157/bs58-rs
bumpalo,3.20.3,MIT OR Apache-2.0,https://github.com/fitzgen/bumpalo
byte-slice-cast,1.2.3,MIT,https://github.com/sdroege/bytes-num-slice-cast
byteorder,1.5.0,Unlicense OR MIT,https://github.com/BurntSushi/byteorder
bytes,1.12.1,MIT,https://github.com/tokio-rs/bytes
cargo_toml,0.20.5,Apache-2.0 OR MIT,https://gitlab.com/lib.rs/cargo_toml
cargo_toml,0.22.3,Apache-2.0 OR MIT,https://gitlab.com/lib.rs/cargo_toml
cc,1.4.0,MIT OR Apache-2.0,https://github.com/rust-lang/cc-rs
cfg-if,1.0.4,MIT OR Apache-2.0,https://github.com/rust-lang/cfg-if
cfg_aliases,0.2.2,MIT,https://github.com/katharostech/cfg_aliases
chacha20,0.10.1,MIT OR Apache-2.0,https://github.com/RustCrypto/stream-ciphers
chacha20,0.7.3,Apache-2.0 OR MIT,https://github.com/RustCrypto/stream-ciphers
chacha20,0.9.1,Apache-2.0 OR MIT,https://github.com/RustCrypto/stream-ciphers
chacha20poly1305,0.10.1,Apache-2.0 OR MIT,https://github.com/RustCrypto/AEADs/tree/master/chacha20poly1305
chacha20poly1305,0.11.0,Apache-2.0 OR MIT,https://github.com/RustCrypto/AEADs
cipher,0.3.0,MIT OR Apache-2.0,https://github.com/RustCrypto/traits
cipher,0.4.4,MIT OR Apache-2.0,https://github.com/RustCrypto/traits
cipher,0.5.2,MIT OR Apache-2.0,https://github.com/RustCrypto/traits
cmake,0.1.58,MIT OR Apache-2.0,https://github.com/rust-lang/cmake-rs
cmov,0.5.4,Apache-2.0 OR MIT,https://github.com/RustCrypto/utils
combine,4.6.7,MIT,https://github.com/Marwes/combine
config,0.14.1,MIT OR Apache-2.0,https://github.com/rust-cli/config-rs
const-str,0.4.3,MIT,https://github.com/Nugine/const-str
const_format,0.2.36,Zlib,https://github.com/rodrimati1992/const_format_crates/
const_format_proc_macros,0.2.34,Zlib,https://github.com/rodrimati1992/const_format_crates/
constant_time_eq,0.4.2,CC0-1.0 OR MIT-0 OR Apache-2.0,https://github.com/cesarb/constant_time_eq
cookie,0.18.1,MIT OR Apache-2.0,https://github.com/SergioBenitez/cookie-rs
cookie_store,0.22.1,MIT OR Apache-2.0,https://github.com/pfernie/cookie_store
core-foundation,0.10.1,MIT OR Apache-2.0,https://github.com/servo/core-foundation-rs
core-foundation,0.9.4,MIT OR Apache-2.0,https://github.com/servo/core-foundation-rs
core-foundation-sys,0.8.7,MIT OR Apache-2.0,https://github.com/servo/core-foundation-rs
cpufeatures,0.2.17,MIT OR Apache-2.0,https://github.com/RustCrypto/utils
cpufeatures,0.3.0,MIT OR Apache-2.0,https://github.com/RustCrypto/utils
crc32fast,1.5.0,MIT OR Apache-2.0,https://github.com/srijs/rust-crc32fast
critical-section,1.2.0,MIT OR Apache-2.0,https://github.com/rust-embedded/critical-section
crunchy,0.2.4,MIT,https://github.com/eira-fransham/crunchy
crypto-bigint,0.5.5,Apache-2.0 OR MIT,https://github.com/RustCrypto/crypto-bigint
crypto-common,0.1.7,MIT OR Apache-2.0,https://github.com/RustCrypto/traits
crypto-common,0.2.2,MIT OR Apache-2.0,https://github.com/RustCrypto/traits
ctutils,0.4.2,Apache-2.0 OR MIT,https://github.com/RustCrypto/utils
curve25519-dalek,4.1.3,BSD-3-Clause,https://github.com/dalek-cryptography/curve25519-dalek/tree/main/curve25519-dalek
curve25519-dalek,5.0.0,BSD-3-Clause,https://github.com/dalek-cryptography/curve25519-dalek/tree/main/curve25519-dalek
curve25519-dalek-derive,0.1.1,MIT/Apache-2.0,https://github.com/dalek-cryptography/curve25519-dalek
data-encoding,2.11.1,MIT,https://github.com/ia0/data-encoding
data-encoding-macro,0.1.21,MIT,https://github.com/ia0/data-encoding
data-encoding-macro-internal,0.1.19,MIT,https://github.com/ia0/data-encoding
der-parser,9.0.0,MIT/Apache-2.0,https://github.com/rusticata/der-parser.git
deranged,0.5.8,MIT OR Apache-2.0,https://github.com/jhpratt/deranged
derive_more,2.1.1,MIT,https://github.com/JelteF/derive_more
derive_more-impl,2.1.1,MIT,https://github.com/JelteF/derive_more
destructure_traitobject,0.2.0,MIT/Apache-2.0,https://github.com/philip-peterson/destructure_traitobject.git
digest,0.10.7,MIT OR Apache-2.0,https://github.com/RustCrypto/traits
digest,0.11.3,MIT OR Apache-2.0,https://github.com/RustCrypto/traits
dirs-next,1.0.2,MIT OR Apache-2.0,https://github.com/xdg-rs/dirs
dirs-sys-next,0.1.2,MIT OR Apache-2.0,https://github.com/xdg-rs/dirs/tree/master/dirs-sys
displaydoc,0.2.7,MIT OR Apache-2.0,https://github.com/yaahc/displaydoc
doc-comment,0.3.4,MIT,https://github.com/GuillaumeGomez/doc-comment
document-features,0.2.12,MIT OR Apache-2.0,https://github.com/slint-ui/document-features
dunce,1.0.5,CC0-1.0 OR MIT-0 OR Apache-2.0,https://gitlab.com/kornelski/dunce
ed25519,3.0.0,Apache-2.0 OR MIT,https://github.com/RustCrypto/signatures
ed25519-dalek,3.0.0,BSD-3-Clause,https://github.com/dalek-cryptography/curve25519-dalek/tree/main/ed25519-dalek
either,1.17.0,MIT OR Apache-2.0,https://github.com/rayon-rs/either
encoding_rs,0.8.35,(Apache-2.0 OR MIT) AND BSD-3-Clause,https://github.com/hsivonen/encoding_rs
equivalent,1.0.2,Apache-2.0 OR MIT,https://github.com/indexmap-rs/equivalent
errno,0.3.14,MIT OR Apache-2.0,https://github.com/lambda-fairy/rust-errno
ethnum,1.5.3,MIT OR Apache-2.0,https://github.com/nlordell/ethnum-rs
faster-hex,0.9.0,MIT,https://github.com/NervosFoundation/faster-hex
fastrand,2.5.0,Apache-2.0 OR MIT,https://github.com/smol-rs/fastrand
ff,0.14.0,MIT/Apache-2.0,https://github.com/zkcrypto/ff
fiat-crypto,0.2.9,MIT OR Apache-2.0 OR BSD-1-Clause,https://github.com/mit-plv/fiat-crypto
fiat-crypto,0.3.0,MIT OR Apache-2.0 OR BSD-1-Clause,https://github.com/mit-plv/fiat-crypto
find-msvc-tools,0.1.9,MIT OR Apache-2.0,https://github.com/rust-lang/cc-rs
fixed-hash,0.8.0,MIT OR Apache-2.0,https://github.com/paritytech/parity-common
fnv,1.0.7,Apache-2.0 / MIT,https://github.com/servo/rust-fnv
foreign-types,0.3.2,MIT/Apache-2.0,https://github.com/sfackler/foreign-types
foreign-types-shared,0.1.1,MIT/Apache-2.0,https://github.com/sfackler/foreign-types
form_urlencoded,1.2.2,MIT OR Apache-2.0,https://github.com/servo/rust-url
fs_extra,1.3.0,MIT,https://github.com/webdesus/fs_extra
funty,2.0.0,MIT,https://github.com/myrrlyn/funty
futures,0.3.33,MIT OR Apache-2.0,https://github.com/rust-lang/futures-rs
futures-channel,0.3.33,MIT OR Apache-2.0,https://github.com/rust-lang/futures-rs
futures-core,0.3.33,MIT OR Apache-2.0,https://github.com/rust-lang/futures-rs
futures-executor,0.3.33,MIT OR Apache-2.0,https://github.com/rust-lang/futures-rs
futures-io,0.3.33,MIT OR Apache-2.0,https://github.com/rust-lang/futures-rs
futures-macro,0.3.33,MIT OR Apache-2.0,https://github.com/rust-lang/futures-rs
futures-sink,0.3.33,MIT OR Apache-2.0,https://github.com/rust-lang/futures-rs
futures-task,0.3.33,MIT OR Apache-2.0,https://github.com/rust-lang/futures-rs
futures-util,0.3.33,MIT OR Apache-2.0,https://github.com/rust-lang/futures-rs
generic-array,0.14.7,MIT,https://github.com/fizyk20/generic-array.git
getrandom,0.2.17,MIT OR Apache-2.0,https://github.com/rust-random/getrandom
getrandom,0.3.4,MIT OR Apache-2.0,https://github.com/rust-random/getrandom
getrandom,0.4.3,MIT OR Apache-2.0,https://github.com/rust-random/getrandom
gix-hash,0.15.1,MIT OR Apache-2.0,https://github.com/GitoxideLabs/gitoxide
group,0.14.0,MIT/Apache-2.0,https://github.com/zkcrypto/group
h2,0.4.15,MIT,https://github.com/hyperium/h2
half,2.7.1,MIT OR Apache-2.0,https://github.com/VoidStarKat/half-rs
hashbrown,0.17.1,MIT OR Apache-2.0,https://github.com/rust-lang/hashbrown
heck,0.3.3,MIT OR Apache-2.0,https://github.com/withoutboats/heck
heck,0.4.1,MIT OR Apache-2.0,https://github.com/withoutboats/heck
heck,0.5.0,MIT OR Apache-2.0,https://github.com/withoutboats/heck
hex,0.4.3,MIT OR Apache-2.0,https://github.com/KokaKiwi/rust-hex
hkdf,0.12.4,MIT OR Apache-2.0,https://github.com/RustCrypto/KDFs/
hkdf,0.13.0,MIT OR Apache-2.0,https://github.com/RustCrypto/KDFs/
hmac,0.12.1,MIT OR Apache-2.0,https://github.com/RustCrypto/MACs
hmac,0.13.0,MIT OR Apache-2.0,https://github.com/RustCrypto/MACs
hpke,0.14.0,MIT/Apache-2.0,https://github.com/rozbb/rust-hpke
http,1.5.0,MIT OR Apache-2.0,https://github.com/hyperium/http
http-body,1.1.0,MIT,https://github.com/hyperium/http-body
http-body-util,0.1.4,MIT,https://github.com/hyperium/http-body
httparse,1.10.1,MIT OR Apache-2.0,https://github.com/seanmonstar/httparse
humantime,2.4.0,MIT OR Apache-2.0,https://github.com/chronotope/humantime
hybrid-array,0.4.14,MIT OR Apache-2.0,https://github.com/RustCrypto/hybrid-array
hyper,1.11.0,MIT,https://github.com/hyperium/hyper
hyper-rustls,0.27.9,Apache-2.0 OR ISC OR MIT,https://github.com/rustls/hyper-rustls
hyper-util,0.1.20,MIT,https://github.com/hyperium/hyper-util
icu_collections,2.2.0,Unicode-3.0,https://github.com/unicode-org/icu4x
icu_locale_core,2.2.0,Unicode-3.0,https://github.com/unicode-org/icu4x
icu_normalizer,2.2.0,Unicode-3.0,https://github.com/unicode-org/icu4x
icu_normalizer_data,2.2.0,Unicode-3.0,https://github.com/unicode-org/icu4x
icu_properties,2.2.0,Unicode-3.0,https://github.com/unicode-org/icu4x
icu_properties_data,2.2.0,Unicode-3.0,https://github.com/unicode-org/icu4x
icu_provider,2.2.0,Unicode-3.0,https://github.com/unicode-org/icu4x
idna,1.1.0,MIT OR Apache-2.0,https://github.com/servo/rust-url/
idna_adapter,1.2.2,Apache-2.0 OR MIT,https://github.com/hsivonen/idna_adapter
impl-codec,0.6.0,MIT OR Apache-2.0,
impl-serde,0.4.0,MIT OR Apache-2.0,
impl-trait-for-tuples,0.2.3,Apache-2.0/MIT,https://github.com/bkchr/impl-trait-for-tuples
indexmap,2.14.0,Apache-2.0 OR MIT,https://github.com/indexmap-rs/indexmap
inout,0.1.4,MIT OR Apache-2.0,https://github.com/RustCrypto/utils
inout,0.2.2,MIT OR Apache-2.0,https://github.com/RustCrypto/utils
ipnet,2.12.1,MIT OR Apache-2.0,https://github.com/krisprice/ipnet
itertools,0.12.1,MIT OR Apache-2.0,https://github.com/rust-itertools/itertools
itertools,0.13.0,MIT OR Apache-2.0,https://github.com/rust-itertools/itertools
itertools,0.14.0,MIT OR Apache-2.0,https://github.com/rust-itertools/itertools
itoa,1.0.18,MIT OR Apache-2.0,https://github.com/dtolnay/itoa
jni,0.22.4,MIT OR Apache-2.0,https://github.com/jni-rs/jni-rs
jni-macros,0.22.4,MIT OR Apache-2.0,https://github.com/jni-rs/jni-rs
jni-sys,0.4.1,MIT OR Apache-2.0,https://github.com/jni-rs/jni-sys
jni-sys-macros,0.4.1,MIT OR Apache-2.0,https://github.com/jni-rs/jni-sys
jobserver,0.1.35,MIT OR Apache-2.0,https://github.com/rust-lang/jobserver-rs
js-sys,0.3.85,MIT OR Apache-2.0,https://github.com/wasm-bindgen/wasm-bindgen/tree/master/crates/js-sys
keccak,0.1.6,Apache-2.0 OR MIT,https://github.com/RustCrypto/sponges/tree/master/keccak
keyring-core,1.0.0,MIT OR Apache-2.0,https://github.com/open-source-cooperative/keyring-core.git
konst,0.2.20,Zlib,https://github.com/rodrimati1992/konst/
konst_macro_rules,0.2.19,Zlib,https://github.com/rodrimati1992/konst/
lazy_static,1.5.0,MIT OR Apache-2.0,https://github.com/rust-lang-nursery/lazy-static.rs
libc,0.2.189,MIT OR Apache-2.0,https://github.com/rust-lang/libc
libp2p-identity,0.2.14,MIT,https://github.com/libp2p/rust-libp2p
libredox,0.1.12,MIT,https://gitlab.redox-os.org/redox-os/libredox.git
linux-raw-sys,0.12.1,Apache-2.0 WITH LLVM-exception OR Apache-2.0 OR MIT,https://github.com/sunfishcode/linux-raw-sys
litemap,0.8.2,Unicode-3.0,https://github.com/unicode-org/icu4x
litrs,1.0.0,MIT OR Apache-2.0,https://github.com/LukasKalbertodt/litrs
log,0.4.33,MIT OR Apache-2.0,https://github.com/rust-lang/log
log4rs,1.4.0,MIT OR Apache-2.0,https://github.com/estk/log4rs
lru-slab,0.1.2,MIT OR Apache-2.0 OR Zlib,https://github.com/Ralith/lru-slab
match-lookup,0.1.2,MIT,https://github.com/mriise/smol-base-x
memchr,2.8.3,Unlicense OR MIT,https://github.com/BurntSushi/memchr
merlin,3.0.0,MIT,https://github.com/zkcrypto/merlin
mime,0.3.17,MIT OR Apache-2.0,https://github.com/hyperium/mime
minicbor,2.3.0,BlueOak-1.0.0,https://github.com/twittner/minicbor
minicbor-derive,0.19.5,BlueOak-1.0.0,https://github.com/twittner/minicbor
minimal-lexical,0.2.1,MIT/Apache-2.0,https://github.com/Alexhuszagh/minimal-lexical
mio,1.2.2,MIT,https://github.com/tokio-rs/mio
mock_instant,0.6.1,0BSD,https://github.com/museun/mock_instant
multiaddr,0.18.2,MIT,https://github.com/multiformats/rust-multiaddr
multibase,0.9.3,MIT,https://github.com/multiformats/rust-multibase
multihash,0.19.5,MIT,https://github.com/multiformats/rust-multihash
newtype-ops,0.1.5,WTFPL,https://github.com/ExpHP/newtype-ops
nom,7.1.3,MIT,https://github.com/Geal/nom
num-bigint,0.4.8,MIT OR Apache-2.0,https://github.com/rust-num/num-bigint
num-conv,0.2.2,MIT OR Apache-2.0,https://github.com/jhpratt/num-conv
num-integer,0.1.46,MIT OR Apache-2.0,https://github.com/rust-num/num-integer
num-traits,0.2.19,MIT OR Apache-2.0,https://github.com/rust-num/num-traits
oid-registry,0.7.1,MIT OR Apache-2.0,https://github.com/rusticata/oid-registry.git
once_cell,1.21.4,MIT OR Apache-2.0,https://github.com/matklad/once_cell
ootle-network,0.2.0,BSD-3-Clause,https://github.com/tari-project/tari-ootle
ootle_byte_type,0.12.0,BSD-3-Clause,https://github.com/tari-project/tari-ootle
ootle_serde,0.5.0,BSD-3-Clause,https://github.com/tari-project/tari-ootle
opaque-debug,0.3.1,MIT OR Apache-2.0,https://github.com/RustCrypto/utils
openssl,0.10.81,Apache-2.0,https://github.com/rust-openssl/rust-openssl
openssl-macros,0.1.1,MIT/Apache-2.0,
openssl-probe,0.2.0,MIT/Apache-2.0,https://github.com/alexcrichton/openssl-probe
openssl-sys,0.9.117,MIT,https://github.com/rust-openssl/rust-openssl
ordered-float,2.10.1,MIT,https://github.com/reem/rust-ordered-float
parity-scale-codec,3.7.5,Apache-2.0,https://github.com/paritytech/parity-scale-codec
parity-scale-codec-derive,3.7.5,Apache-2.0,https://github.com/paritytech/parity-scale-codec
password-hash,0.5.0,MIT OR Apache-2.0,https://github.com/RustCrypto/traits/tree/master/password-hash
password-hash,0.6.1,MIT OR Apache-2.0,https://github.com/RustCrypto/traits
passwords,3.1.18,MIT,https://github.com/magiclen/passwords
pastey,0.1.1,MIT OR Apache-2.0,https://github.com/as1100k/pastey
path-clean,0.1.0,MIT OR Apache-2.0,https://github.com/danreeves/path-clean
pathdiff,0.2.3,MIT/Apache-2.0,https://github.com/Manishearth/pathdiff
percent-encoding,2.3.2,MIT OR Apache-2.0,https://github.com/servo/rust-url/
phc,0.6.1,Apache-2.0 OR MIT,https://github.com/RustCrypto/formats
pin-project-lite,0.2.17,Apache-2.0 OR MIT,https://github.com/taiki-e/pin-project-lite
pkg-config,0.3.33,MIT OR Apache-2.0,https://github.com/rust-lang/pkg-config-rs
poly1305,0.8.0,Apache-2.0 OR MIT,https://github.com/RustCrypto/universal-hashes
poly1305,0.9.1,Apache-2.0 OR MIT,https://github.com/RustCrypto/universal-hashes
portable-atomic,1.14.0,Apache-2.0 OR MIT,https://github.com/taiki-e/portable-atomic
potential_utf,0.1.5,Unicode-3.0,https://github.com/unicode-org/icu4x
powerfmt,0.2.0,MIT OR Apache-2.0,https://github.com/jhpratt/powerfmt
ppv-lite86,0.2.21,MIT OR Apache-2.0,https://github.com/cryptocorrosion/cryptocorrosion
primitive-types,0.12.2,MIT OR Apache-2.0,
proc-macro-crate,3.5.0,MIT OR Apache-2.0,https://github.com/bkchr/proc-macro-crate
proc-macro2,1.0.107,MIT OR Apache-2.0,https://github.com/dtolnay/proc-macro2
prost,0.14.4,Apache-2.0,https://github.com/tokio-rs/prost
prost-derive,0.14.4,Apache-2.0,https://github.com/tokio-rs/prost
prost-types,0.14.4,Apache-2.0,https://github.com/tokio-rs/prost
psl-types,2.0.11,MIT/Apache-2.0,https://github.com/addr-rs/psl-types
publicsuffix,2.3.0,MIT/Apache-2.0,https://github.com/rushmorem/publicsuffix
quinn,0.11.11,MIT OR Apache-2.0,https://github.com/quinn-rs/quinn
quinn-proto,0.11.16,MIT OR Apache-2.0,https://github.com/quinn-rs/quinn
quinn-udp,0.5.15,MIT OR Apache-2.0,https://github.com/quinn-rs/quinn
quote,1.0.47,MIT OR Apache-2.0,https://github.com/dtolnay/quote
r-efi,5.3.0,MIT OR Apache-2.0 OR LGPL-2.1-or-later,https://github.com/r-efi/r-efi
r-efi,6.0.0,MIT OR Apache-2.0 OR LGPL-2.1-or-later,https://github.com/r-efi/r-efi
radium,0.7.0,MIT,https://github.com/bitvecto-rs/radium
rand,0.10.2,MIT OR Apache-2.0,https://github.com/rust-random/rand
rand,0.8.7,MIT OR Apache-2.0,https://github.com/rust-random/rand
rand,0.9.5,MIT OR Apache-2.0,https://github.com/rust-random/rand
rand_chacha,0.10.0,MIT OR Apache-2.0,https://github.com/rust-random/rand
rand_chacha,0.3.1,MIT OR Apache-2.0,https://github.com/rust-random/rand
rand_chacha,0.9.0,MIT OR Apache-2.0,https://github.com/rust-random/rand
rand_core,0.10.1,MIT OR Apache-2.0,https://github.com/rust-random/rand_core
rand_core,0.6.4,MIT OR Apache-2.0,https://github.com/rust-random/rand
rand_core,0.9.5,MIT OR Apache-2.0,https://github.com/rust-random/rand
rand_pcg,0.10.2,MIT OR Apache-2.0,https://github.com/rust-random/rngs
redox_users,0.4.6,MIT,https://gitlab.redox-os.org/redox-os/users
reqwest,0.13.4,MIT OR Apache-2.0,https://github.com/seanmonstar/reqwest
ring,0.17.14,Apache-2.0 AND ISC,https://github.com/briansmith/ring
rustc-hash,2.1.3,Apache-2.0 OR MIT,https://github.com/rust-lang/rustc-hash
rustc-hex,2.1.0,MIT/Apache-2.0,https://github.com/debris/rustc-hex
rustc_version,0.4.1,MIT OR Apache-2.0,https://github.com/djc/rustc-version-rs
rusticata-macros,4.1.0,MIT/Apache-2.0,https://github.com/rusticata/rusticata-macros.git
rustix,1.1.4,Apache-2.0 WITH LLVM-exception OR Apache-2.0 OR MIT,https://github.com/bytecodealliance/rustix
rustls,0.23.43,Apache-2.0 OR ISC OR MIT,https://github.com/rustls/rustls
rustls-native-certs,0.8.3,Apache-2.0 OR ISC OR MIT,https://github.com/rustls/rustls-native-certs
rustls-pki-types,1.15.1,MIT OR Apache-2.0,https://github.com/rustls/pki-types
rustls-platform-verifier,0.7.0,MIT OR Apache-2.0,https://github.com/rustls/rustls-platform-verifier
rustls-platform-verifier-android,0.1.1,MIT OR Apache-2.0,https://github.com/rustls/rustls-platform-verifier
rustls-webpki,0.103.13,ISC,https://github.com/rustls/webpki
rustversion,1.0.23,MIT OR Apache-2.0,https://github.com/dtolnay/rustversion
ryu,1.0.23,Apache-2.0 OR BSL-1.0,https://github.com/dtolnay/ryu
same-file,1.0.6,Unlicense/MIT,https://github.com/BurntSushi/same-file
schannel,0.1.29,MIT,https://github.com/steffengy/schannel-rs
security-framework,3.7.0,MIT OR Apache-2.0,https://github.com/kornelski/rust-security-framework
security-framework-sys,2.17.0,MIT OR Apache-2.0,https://github.com/kornelski/rust-security-framework
semver,1.0.28,MIT OR Apache-2.0,https://github.com/dtolnay/semver
serde,1.0.229,MIT OR Apache-2.0,https://github.com/serde-rs/serde
serde-value,0.7.0,MIT,https://github.com/arcnmx/serde-value
serde_cbor_2,0.13.0,MIT OR Apache-2.0,https://github.com/kanidm/cbor
serde_core,1.0.229,MIT OR Apache-2.0,https://github.com/serde-rs/serde
serde_derive,1.0.229,MIT OR Apache-2.0,https://github.com/serde-rs/serde
serde_json,1.0.151,MIT OR Apache-2.0,https://github.com/serde-rs/json
serde_spanned,0.6.9,MIT OR Apache-2.0,https://github.com/toml-rs/toml
serde_spanned,1.1.1,MIT OR Apache-2.0,https://github.com/toml-rs/toml
serde_urlencoded,0.7.1,MIT/Apache-2.0,https://github.com/nox/serde_urlencoded
serde_yaml,0.9.34+deprecated,MIT OR Apache-2.0,https://github.com/dtolnay/serde-yaml
sha2,0.10.9,MIT OR Apache-2.0,https://github.com/RustCrypto/hashes
sha2,0.11.0,MIT OR Apache-2.0,https://github.com/RustCrypto/hashes
sha3,0.10.9,MIT OR Apache-2.0,https://github.com/RustCrypto/hashes
shlex,2.0.1,MIT OR Apache-2.0,https://github.com/comex/rust-shlex
signature,3.0.0,Apache-2.0 OR MIT,https://github.com/RustCrypto/traits
simd_cesu8,1.1.1,Apache-2.0 OR MIT,https://github.com/seancroach/simd_cesu8
simdutf8,0.1.5,MIT OR Apache-2.0,https://github.com/rusticstuff/simdutf8
slab,0.4.12,MIT,https://github.com/tokio-rs/slab
smallvec,1.15.2,MIT OR Apache-2.0,https://github.com/servo/rust-smallvec
snafu,0.7.5,MIT OR Apache-2.0,https://github.com/shepmaster/snafu
snafu,0.8.9,MIT OR Apache-2.0,https://github.com/shepmaster/snafu
snafu-derive,0.7.5,MIT OR Apache-2.0,https://github.com/shepmaster/snafu
snafu-derive,0.8.9,MIT OR Apache-2.0,https://github.com/shepmaster/snafu
socket2,0.6.5,MIT OR Apache-2.0,https://github.com/rust-lang/socket2
stable_deref_trait,1.2.1,MIT OR Apache-2.0,https://github.com/storyyeller/stable_deref_trait
static_assertions,1.1.0,MIT OR Apache-2.0,https://github.com/nvzqz/static-assertions-rs
strum,0.22.0,MIT,https://github.com/Peternator7/strum
strum_macros,0.22.0,MIT,https://github.com/Peternator7/strum
subtle,2.6.1,BSD-3-Clause,https://github.com/dalek-cryptography/subtle
syn,1.0.109,MIT OR Apache-2.0,https://github.com/dtolnay/syn
syn,2.0.119,MIT OR Apache-2.0,https://github.com/dtolnay/syn
syn,3.0.3,MIT OR Apache-2.0,https://github.com/dtolnay/syn
sync_wrapper,1.0.2,Apache-2.0,https://github.com/Actyx/sync_wrapper
synstructure,0.13.2,MIT,https://github.com/mystor/synstructure
system-configuration,0.7.0,MIT OR Apache-2.0,https://github.com/mullvad/system-configuration-rs
system-configuration-sys,0.6.0,MIT OR Apache-2.0,https://github.com/mullvad/system-configuration-rs
tap,1.0.1,MIT,https://github.com/myrrlyn/tap
tari-cc-private-ballot-anchor,0.1.0,MIT OR Apache-2.0,
tari-cc-private-ballot-anchor-transport,0.1.0,MIT OR Apache-2.0,
tari-cc-private-ballot-archive,0.1.0,MIT OR Apache-2.0,
tari-cc-private-ballot-ballot,0.1.0,MIT OR Apache-2.0,
tari-cc-private-ballot-cli,0.1.0,MIT OR Apache-2.0,
tari-cc-private-ballot-crypto,0.1.0,MIT OR Apache-2.0,
tari-cc-private-ballot-gui-core,0.1.0,MIT OR Apache-2.0,
tari-cc-private-ballot-ootle-anchor-adapter,0.1.0,MIT OR Apache-2.0,
tari-cc-private-ballot-ootle-anchor-app,0.1.0,MIT OR Apache-2.0,
tari-cc-private-ballot-ootle-anchor-lifecycle-orchestrator,0.1.0,MIT OR Apache-2.0,
tari-cc-private-ballot-ootle-anchor-network-adapters,0.1.0,MIT OR Apache-2.0,
tari-cc-private-ballot-ootle-receipt-anchor-adapter,0.1.0,MIT OR Apache-2.0,
tari-cc-private-ballot-ootle-walletd-anchor-adapter,0.1.0,MIT OR Apache-2.0,
tari-cc-private-ballot-protocol,0.1.0,MIT OR Apache-2.0,
tari-cc-private-ballot-registry,0.1.0,MIT OR Apache-2.0,
tari-cc-private-ballot-tally,0.1.0,MIT OR Apache-2.0,
tari-cc-private-ballot-transport-gateway,0.1.0,MIT OR Apache-2.0,
tari-cc-private-ballot-transport-network,0.1.0,MIT OR Apache-2.0,
tari-cc-private-ballot-verifier,0.1.0,MIT OR Apache-2.0,
tari_bor,0.15.0,BSD-3-Clause,https://github.com/tari-project/tari-ootle
tari_bulletproofs_plus,0.5.2,BSD-3-Clause,
tari_common,5.6.0,BSD-3-Clause,https://github.com/tari-project/tari
tari_common_types,5.6.0,BSD-3-Clause,https://github.com/tari-project/tari
tari_consensus_types,0.39.2,BSD-3-Clause,https://github.com/tari-project/tari-ootle
tari_crypto,0.23.2,BSD-3-Clause,https://github.com/tari-project/tari
tari_engine_types,0.39.2,BSD-3-Clause,https://github.com/tari-project/tari-ootle
tari_features,5.6.0,BSD-3-Clause,https://github.com/tari-project/tari
tari_hashing,5.6.0,BSD-3-Clause,https://github.com/tari-project/tari
tari_indexer_client,0.39.0,BSD-3-Clause,https://github.com/tari-project/tari-ootle
tari_jellyfish,5.6.0,BSD-3-Clause,https://github.com/tari-project/tari
tari_max_size,5.6.0,BSD-3-Clause,https://github.com/tari-project/tari
tari_merlin,4.0.0,MIT,https://github.com/tari-project/merlin
tari_ootle_address,0.10.0,BSD-3-Clause,https://github.com/tari-project/tari-ootle
tari_ootle_common_types,0.39.2,BSD-3-Clause,https://github.com/tari-project/tari-ootle
tari_ootle_template_metadata,0.11.0,BSD-3-Clause,https://github.com/tari-project/tari-ootle
tari_ootle_transaction,0.39.2,BSD-3-Clause,https://github.com/tari-project/tari-ootle
tari_ootle_wallet_crypto,0.41.0,BSD-3-Clause,https://github.com/tari-project/tari-ootle
tari_ootle_wallet_sdk,0.40.1,BSD-3-Clause,https://github.com/tari-project/tari-ootle
tari_ootle_walletd_client,0.40.0,BSD-3-Clause,https://github.com/tari-project/tari-ootle
tari_sidechain,5.6.0,BSD-3-Clause,https://github.com/tari-project/tari
tari_template_abi,0.19.1,BSD-3-Clause,https://github.com/tari-project/tari-ootle
tari_template_builtin,0.40.0,BSD-3-Clause,https://github.com/tari-project/tari-ootle
tari_template_lib,0.31.1,BSD-3-Clause,https://github.com/tari-project/tari-ootle
tari_template_lib_types,0.31.0,BSD-3-Clause,https://github.com/tari-project/tari-ootle
tari_template_macros,0.22.1,BSD-3-Clause,https://github.com/tari-project/tari-ootle
tari_utilities,0.10.0,BSD-3-Clause,https://github.com/tari-project/tari
tempfile,3.27.0,MIT OR Apache-2.0,https://github.com/Stebalien/tempfile
thiserror,1.0.69,MIT OR Apache-2.0,https://github.com/dtolnay/thiserror
thiserror,2.0.19,MIT OR Apache-2.0,https://github.com/dtolnay/thiserror
thiserror-impl,1.0.69,MIT OR Apache-2.0,https://github.com/dtolnay/thiserror
thiserror-impl,2.0.19,MIT OR Apache-2.0,https://github.com/dtolnay/thiserror
thiserror-impl-no-std,2.0.2,MIT OR Apache-2.0,https://github.com/dtolnay/thiserror
thiserror-no-std,2.0.2,MIT OR Apache-2.0,https://github.com/dtolnay/thiserror
time,0.3.55,MIT OR Apache-2.0,https://github.com/time-rs/time
time-core,0.1.9,MIT OR Apache-2.0,https://github.com/time-rs/time
time-macros,0.2.32,MIT OR Apache-2.0,https://github.com/time-rs/time
tinystr,0.8.3,Unicode-3.0,https://github.com/unicode-org/icu4x
tinyvec,1.12.0,Zlib OR Apache-2.0 OR MIT,https://github.com/Lokathor/tinyvec
tinyvec_macros,0.1.1,MIT OR Apache-2.0 OR Zlib,https://github.com/Soveu/tinyvec_macros
tokio,1.53.1,MIT,https://github.com/tokio-rs/tokio
tokio-rustls,0.26.4,MIT OR Apache-2.0,https://github.com/rustls/tokio-rustls
tokio-util,0.7.19,MIT,https://github.com/tokio-rs/tokio
toml,0.8.23,MIT OR Apache-2.0,https://github.com/toml-rs/toml
toml,0.9.12+spec-1.1.0,MIT OR Apache-2.0,https://github.com/toml-rs/toml
toml_datetime,0.6.11,MIT OR Apache-2.0,https://github.com/toml-rs/toml
toml_datetime,0.7.5+spec-1.1.0,MIT OR Apache-2.0,https://github.com/toml-rs/toml
toml_datetime,1.1.1+spec-1.1.0,MIT OR Apache-2.0,https://github.com/toml-rs/toml
toml_edit,0.22.27,MIT OR Apache-2.0,https://github.com/toml-rs/toml
toml_edit,0.25.13+spec-1.1.0,MIT OR Apache-2.0,https://github.com/toml-rs/toml
toml_parser,1.1.3+spec-1.1.0,MIT OR Apache-2.0,https://github.com/toml-rs/toml
toml_write,0.1.2,MIT OR Apache-2.0,https://github.com/toml-rs/toml
toml_writer,1.1.2+spec-1.1.0,MIT OR Apache-2.0,https://github.com/toml-rs/toml
tower,0.5.3,MIT,https://github.com/tower-rs/tower
tower-http,0.6.11,MIT,https://github.com/tower-rs/tower-http
tower-layer,0.3.3,MIT,https://github.com/tower-rs/tower
tower-service,0.3.3,MIT,https://github.com/tower-rs/tower
tracing,0.1.44,MIT,https://github.com/tokio-rs/tracing
tracing-attributes,0.1.31,MIT,https://github.com/tokio-rs/tracing
tracing-core,0.1.36,MIT,https://github.com/tokio-rs/tracing
triptych,0.1.1,BSD-3-Clause,https://github.com/tari-project/triptych
try-lock,0.2.5,MIT,https://github.com/seanmonstar/try-lock
typemap-ors,1.0.0,MIT,https://github.com/orphanage-rs/rust-typemap
typenum,1.20.1,MIT OR Apache-2.0,https://github.com/paholg/typenum
uint,0.9.5,MIT OR Apache-2.0,https://github.com/paritytech/parity-common
unicode-ident,1.0.24,(MIT OR Apache-2.0) AND Unicode-3.0,https://github.com/dtolnay/unicode-ident
unicode-normalization,0.1.24,MIT/Apache-2.0,https://github.com/unicode-rs/unicode-normalization
unicode-segmentation,1.13.3,MIT OR Apache-2.0,https://github.com/unicode-rs/unicode-segmentation
unicode-xid,0.2.6,MIT OR Apache-2.0,https://github.com/unicode-rs/unicode-xid
universal-hash,0.5.1,MIT OR Apache-2.0,https://github.com/RustCrypto/traits
universal-hash,0.6.1,MIT OR Apache-2.0,https://github.com/RustCrypto/traits
unsafe-any-ors,1.0.0,MIT,https://github.com/orphanage-rs/rust-unsafe-any
unsafe-libyaml,0.2.11,MIT,https://github.com/dtolnay/unsafe-libyaml
unsigned-varint,0.8.0,MIT,https://github.com/paritytech/unsigned-varint
untrusted,0.9.0,ISC,https://github.com/briansmith/untrusted
url,2.5.8,MIT OR Apache-2.0,https://github.com/servo/rust-url
utf8_iter,1.0.4,Apache-2.0 OR MIT,https://github.com/hsivonen/utf8_iter
utoipa,5.5.0,MIT OR Apache-2.0,https://github.com/juhaku/utoipa
utoipa-gen,5.5.0,MIT OR Apache-2.0,https://github.com/juhaku/utoipa
uuid,1.24.0,Apache-2.0 OR MIT,https://github.com/uuid-rs/uuid
vcpkg,0.2.15,MIT/Apache-2.0,https://github.com/mcgoo/vcpkg-rs
version_check,0.9.5,MIT/Apache-2.0,https://github.com/SergioBenitez/version_check
walkdir,2.5.0,Unlicense/MIT,https://github.com/BurntSushi/walkdir
want,0.3.1,MIT,https://github.com/seanmonstar/want
wasi,0.11.1+wasi-snapshot-preview1,Apache-2.0 WITH LLVM-exception OR Apache-2.0 OR MIT,https://github.com/bytecodealliance/wasi
wasip2,1.0.1+wasi-0.2.4,Apache-2.0 WITH LLVM-exception OR Apache-2.0 OR MIT,https://github.com/bytecodealliance/wasi-rs
wasm-bindgen,0.2.108,MIT OR Apache-2.0,https://github.com/wasm-bindgen/wasm-bindgen
wasm-bindgen-futures,0.4.58,MIT OR Apache-2.0,https://github.com/wasm-bindgen/wasm-bindgen/tree/master/crates/futures
wasm-bindgen-macro,0.2.108,MIT OR Apache-2.0,https://github.com/wasm-bindgen/wasm-bindgen/tree/master/crates/macro
wasm-bindgen-macro-support,0.2.108,MIT OR Apache-2.0,https://github.com/wasm-bindgen/wasm-bindgen/tree/master/crates/macro-support
wasm-bindgen-shared,0.2.108,MIT OR Apache-2.0,https://github.com/wasm-bindgen/wasm-bindgen/tree/master/crates/shared
wasm-streams,0.5.0,MIT OR Apache-2.0,https://github.com/MattiasBuelens/wasm-streams/
web-sys,0.3.85,MIT OR Apache-2.0,https://github.com/wasm-bindgen/wasm-bindgen/tree/master/crates/web-sys
web-time,1.1.0,MIT OR Apache-2.0,https://github.com/daxpedda/web-time
webauthn-attestation-ca,0.5.5,MPL-2.0,https://github.com/kanidm/webauthn-rs
webauthn-rs,0.5.5,MPL-2.0,https://github.com/kanidm/webauthn-rs
webauthn-rs-core,0.5.5,MPL-2.0,https://github.com/kanidm/webauthn-rs
webauthn-rs-proto,0.5.5,MPL-2.0,https://github.com/kanidm/webauthn-rs
webpki-root-certs,1.0.5,CDLA-Permissive-2.0,https://github.com/rustls/webpki-roots
winapi,0.3.9,MIT/Apache-2.0,https://github.com/retep998/winapi-rs
winapi-i686-pc-windows-gnu,0.4.0,MIT/Apache-2.0,https://github.com/retep998/winapi-rs
winapi-util,0.1.11,Unlicense OR MIT,https://github.com/BurntSushi/winapi-util
winapi-x86_64-pc-windows-gnu,0.4.0,MIT/Apache-2.0,https://github.com/retep998/winapi-rs
windows-link,0.2.1,MIT OR Apache-2.0,https://github.com/microsoft/windows-rs
windows-registry,0.6.1,MIT OR Apache-2.0,https://github.com/microsoft/windows-rs
windows-result,0.4.1,MIT OR Apache-2.0,https://github.com/microsoft/windows-rs
windows-strings,0.5.1,MIT OR Apache-2.0,https://github.com/microsoft/windows-rs
windows-sys,0.52.0,MIT OR Apache-2.0,https://github.com/microsoft/windows-rs
windows-sys,0.61.2,MIT OR Apache-2.0,https://github.com/microsoft/windows-rs
windows-targets,0.52.6,MIT OR Apache-2.0,https://github.com/microsoft/windows-rs
windows_aarch64_gnullvm,0.52.6,MIT OR Apache-2.0,https://github.com/microsoft/windows-rs
windows_aarch64_msvc,0.52.6,MIT OR Apache-2.0,https://github.com/microsoft/windows-rs
windows_i686_gnu,0.52.6,MIT OR Apache-2.0,https://github.com/microsoft/windows-rs
windows_i686_gnullvm,0.52.6,MIT OR Apache-2.0,https://github.com/microsoft/windows-rs
windows_i686_msvc,0.52.6,MIT OR Apache-2.0,https://github.com/microsoft/windows-rs
windows_x86_64_gnu,0.52.6,MIT OR Apache-2.0,https://github.com/microsoft/windows-rs
windows_x86_64_gnullvm,0.52.6,MIT OR Apache-2.0,https://github.com/microsoft/windows-rs
windows_x86_64_msvc,0.52.6,MIT OR Apache-2.0,https://github.com/microsoft/windows-rs
winnow,0.7.15,MIT,https://github.com/winnow-rs/winnow
winnow,1.0.4,MIT,https://github.com/winnow-rs/winnow
wit-bindgen,0.46.0,Apache-2.0 WITH LLVM-exception OR Apache-2.0 OR MIT,https://github.com/bytecodealliance/wit-bindgen
writeable,0.6.3,Unicode-3.0,https://github.com/unicode-org/icu4x
wyz,0.5.1,MIT,https://github.com/myrrlyn/wyz
x25519-dalek,3.0.0,BSD-3-Clause,https://github.com/dalek-cryptography/curve25519-dalek/tree/main/x25519-dalek
x509-parser,0.16.0,MIT OR Apache-2.0,https://github.com/rusticata/x509-parser.git
xxhash-rust,0.8.18,BSL-1.0,https://github.com/DoumanAsh/xxhash-rust
yoke,0.8.3,Unicode-3.0,https://github.com/unicode-org/icu4x
yoke-derive,0.8.2,Unicode-3.0,https://github.com/unicode-org/icu4x
zerocopy,0.8.55,BSD-2-Clause OR Apache-2.0 OR MIT,https://github.com/google/zerocopy
zerocopy-derive,0.8.55,BSD-2-Clause OR Apache-2.0 OR MIT,https://github.com/google/zerocopy
zerofrom,0.1.8,Unicode-3.0,https://github.com/unicode-org/icu4x
zerofrom-derive,0.1.7,Unicode-3.0,https://github.com/unicode-org/icu4x
zeroize,1.9.0,Apache-2.0 OR MIT,https://github.com/RustCrypto/utils
zeroize_derive,1.5.0,Apache-2.0 OR MIT,https://github.com/RustCrypto/utils
zerotrie,0.2.4,Unicode-3.0,https://github.com/unicode-org/icu4x
zerovec,0.11.6,Unicode-3.0,https://github.com/unicode-org/icu4x
zerovec-derive,0.11.3,Unicode-3.0,https://github.com/unicode-org/icu4x
zmij,1.0.23,MIT,https://github.com/dtolnay/zmij
