"Path","Bytes","SHA256"
".gitignore","236","0636BAD63F208FD025BDF6A512F5F3FC050D01027C0B178F3810DFB83C85750A"
"Cargo.lock","1361","03F295F7DF5C989B092304FA691AB21DAFD723249E79FC058C2B1879838EE472"
"Cargo.toml","443","C666682FE999E8626EE3809F8E6AB333EE517B34098DCFAAD3BE8772C3BDF760"
"crates/archive/Cargo.toml","240","0F08604E2FCF9AF8891902CD8F5616339BA65D5D2D69A11AB7C4B8BFA660B04D"
"crates/archive/src/file_entry.rs","14092","88F8B25EF98FD7A253D501CCA7852108D1DC790592EE993CE36585E75BD4AB58"
"crates/archive/src/lib.rs","922","AA47440268607A3ECCA6F3AF4C6C4C971F65BD67CE0E0730D69B0F579FB95E86"
"crates/archive/src/manifest.rs","22504","D69945A0E7AE168039A012F3CA7F910E8FC11F2D8739416CAF817D6A61AAA23A"
"crates/archive/src/replay.rs","17663","2AC8AB5895C6429E2C330F5291246ED892510899DF62486FD4BCA8729EB68A9B"
"crates/ballot/Cargo.toml","239","537539356E8C177657AE6E41016FBDD79A954E96400B2473DA53974AF9AF81DC"
"crates/ballot/src/canonical.rs","17847","6D37D190521F305AC75DBCF25C6BD0185774D80B925B3BD754A10BAFC8ED3AEB"
"crates/ballot/src/lib.rs","12536","D466607D63CCA635884DC17239D1C0B245D57C454CC80D9B2690FCF5C6792257"
"crates/ballot/src/lifecycle.rs","11834","0B595B89EB2486275358BA0B056CC907E25E2DBB2DD426D6ED1E3EE935562927"
"crates/ballot/src/manifest.rs","11481","5643EAB25E52D5E29ED30B9A77C909D8FF8E68EBEA6EC66C8047ADCF1AD9C8DC"
"crates/ballot/src/manifest_canonical.rs","14210","D9640408113B4D35E1D51B6EB5DE9A1C55D77C21D1C1AEBBAD12554F458A3952"
"crates/ballot/src/manifest_scope.rs","4760","E42BB00AA4D3B2C41E17AF3AAE5165871B67D51C5078F9E28AEBEF8D96F995F7"
"crates/ballot/src/package.rs","19709","FFD4A96420F1ED9A025BE47652695235D412DDD9AA5EB487C25DD85F8027899F"
"crates/cli/Cargo.toml","594","48704DB2066C24EB3A4FCB658644FFA774983BC562E093BA8F1A7E2F88B7B186"
"crates/cli/src/main.rs","336","8BDCA24E625FFCDE1C835CE4700EBD4F9D02AB539D123B2AA8A66971B3CCBC8B"
"crates/cli/tests/deterministic_mutation_matrix.rs","20240","B543E0D32AA6D97DEF71915CB8217FC74AE594DFCC942B30205B287E091CBA29"
"crates/cli/tests/hostile_cbor_corpus.rs","9361","B7B8B69DB49D1524C359448A3AA39F564EB18E83EAA14E9068A193661DF1E102"
"crates/cli/tests/offline_archive_replay_gate.rs","21761","07E51D788BBBFE47F4D682CCDC5DF1C353B42BE19C2C97302B0C545AB45E94F5"
"crates/cli/tests/semantic_rejection_corpus.rs","21529","4126AFD50216A460AF202E2B1CA488E1B25F0566C8EB14F3B2B26C0419CCAD15"
"crates/cli/tests/synthetic_election_cohorts.rs","13541","166002FD3F41DEF713BED8039EB0C633D4C31E005DA53C3ED0E66FFDD8735598"
"crates/cli/tests/valid_core_canonical_vectors.rs","15535","0031342B57DFED3FEDADF3043B8B21E9039C0E2ECEF72B80BCA54408B5979D0C"
"crates/cli/tests/valid_decision_canonical_vectors.rs","26708","235F6B00CAA93EB1948212309FB8BD43297863EE1B8FD7C6CFF29FDB48C83C28"
"crates/crypto/Cargo.toml","239","EA588FE236A25D4EFA32FE6867E8DA6EA4491DB63BA498EB72A27FF85DED89B2"
"crates/crypto/src/lib.rs","354","F0FEAC13CC4DB5C254496C9FCAD88A6C2800455F65D52045613FB2A7A7891A48"
"crates/crypto/src/test_only_verifier.rs","13723","58056B28E0E5ABE837B46AEB649DDC7FD6A87CF0095E572DDF9A78D387FA4972"
"crates/crypto/src/verification.rs","4561","7A6D66456B1854D8EB0AB5DD612CB506BBDC29E832883F6AB0F89BFA539080BB"
"crates/protocol/Cargo.toml","166","BBB8EF2B884BA1844895E9CDE473234F7ED12AC4DCA8A3547D1B3D42C97A0FE4"
"crates/protocol/src/cbor.rs","14316","7973D8222AC0884077922C24437B195060DFB88E871033C4B763D227780366B7"
"crates/protocol/src/commitment.rs","2319","44DF1CCEB5BBAD611D3AD57BC6AF5951F7CB167A77910145D780F3403A75D887"
"crates/protocol/src/hashing.rs","7561","D15D43424AD534D363751140BF43AF569E400F757F69A1C04E91792AE3AD0299"
"crates/protocol/src/lib.rs","10323","5EE5AA6E60239B0CB59FC7089EA8A8CB05203ADD08640C8F71EBB7CCF9AB0CA3"
"crates/protocol/src/limits.rs","2078","283976EFE58C18C8DE4E090732A47B02E94C87AD1992D7B8A8D5275351C7C722"
"crates/protocol/src/proof_statement.rs","12505","A82C8A637E76786645FCCA8BF8BC07C64EFEABAE99CCAF8BA965A325811EF133"
"crates/protocol/src/scope.rs","2009","F0DAB483AD562B7AE100D3B5979C0303FD5A3F953A69883926BDE9A784358790"
"crates/registry/Cargo.toml","241","7EE41E0F964C64CD7694383F598C9D5CEEEF54B30392B908F04F9B6B0966020C"
"crates/registry/src/canonical.rs","8826","98A1404BB6A559AEC30784366232C67393975CEECEE4BD5F1FBEAF948D148354"
"crates/registry/src/key_policy.rs","4220","569D001581287F0FF3BDD1E7593685BF30AFCA83215E733EA9E14CD74AC0F34F"
"crates/registry/src/lib.rs","7194","B65188E2D2B76A10B7101640250EB8CA7CBBCD20053ECD5C42333F4BA0C226FA"
"crates/tally/Cargo.toml","293","08DBFA029F8EFB0E78ECA25EA848D5935D3FF7044401F7803A2A35ABF4451D61"
"crates/tally/src/lib.rs","10818","D1DC8F2982293015D190897F1245614FB0607F962450AF640E95881DEAE37E19"
"crates/verifier/Cargo.toml","351","7E3DD16C61D555D23325431024CD5222546DFDE7EA7AE92396125906767454F4"
"crates/verifier/src/lib.rs","14017","9FF5AAC54CE7318CCF847626562817D1F9347277AE25F01914A482C5CB810CCC"
"crates/verifier/src/proof_statement.rs","9196","DF4DA821D050729AFDE0921FE180A43CE9271453327FCD03DE6D2BD45B9F86EB"
"crates/verifier/src/proof_verification.rs","10041","ABD89B173B2ADA1D77DF3FA10530D7DBA399E7951FAF8C1B87706C4D21B30D33"
"docs/DATA_FORMAT_TEST_VECTOR_PLAN.md","10119","624EC1DA244CB4D641F4FE5390648610859CAD51DA214B2D381F99B0EDFECE37"
"docs/decisions/ADR-0001-offline-authority-ootle-anchor.md","800","622AFDA612066B53E606A9A7FAB6417857C48BB9A56906E70D392C21E690C4AE"
"docs/decisions/ADR-0002-governance-keys.md","457","9AA9C9203E72AB9144E277A598D9598D5BE4BB6AD655416DB5CCFFF402F6A98D"
"docs/decisions/ADR-0003-governance-source-and-mvp-scope.md","2928","E6E264097ADD9B090E766D6E65CB2AE073140CA9A4F08F07B4B5D3D9066952F9"
"docs/decisions/ADR-0004-ballot-and-tally-policy.md","4440","A0DEA853A104FBB256B8CF634E0FDE6F944F61A3BD28A0DE4AE18B2EE45DCE6C"
"docs/decisions/ADR-0005-anonymous-membership-construction.md","9383","8CD8EC73621BFA73CE0F724445A8F4F56A9EED8A6CC9DAA55F049D30022E62E7"
"docs/FUZZING.md","2891","9432C1D34E6EC068A7081BA46EA48FF5225F5D1E2CD0599968FF9B9E17ADB458"
"docs/INDEPENDENT_VECTOR_VERIFIER.md","2789","BEE0B156DE190827994699251F1D250F120E1E11E42D6787B5E696DD007E48EE"
"docs/OPEN_QUESTIONS.md","2923","25ED5472AD02499E0441C8A00A7E7EF5632EEF4D2120DD9A24E03C3C0E612F7B"
"docs/PHASE1_PROTOCOL_SPEC_v0.1.md","34778","CD570B852CBFF117F884940C629F259FC0C9AEB3C0A1F46450B46A711EA15752"
"docs/reviews/.gitkeep","0","E3B0C44298FC1C149AFBF4C8996FB92427AE41E4649B934CA495991B7852B855"
"docs/reviews/PHASE1_CONSISTENCY_REVIEW_2026-07-31.md","5284","C530C4633FD0B01F071744243631E58A7F737F0F62AF3DE6C3DFCAFEDA402DF6"
"docs/sources/GOVERNANCE_SOURCE_SNAPSHOT.md","2503","1420A0F45D282045A3739193BE1443A6F857709676C37A80E76A2E63D920AA84"
"docs/threat-model/.gitkeep","0","E3B0C44298FC1C149AFBF4C8996FB92427AE41E4649B934CA495991B7852B855"
"examples/.gitkeep","0","E3B0C44298FC1C149AFBF4C8996FB92427AE41E4649B934CA495991B7852B855"
"fuzz/Cargo.lock","12074","810A6DBEC4110F87048E7C767F74398B92BC708ACC307A0F806E6BEF3B328847"
"fuzz/Cargo.toml","1385","0DA9EDA22E0407148C372E999AAE26D4E8C8F770087B3BB46CABB14B82A063B9"
"fuzz/fuzz_targets/approval_ballot_payload.rs","190","9117E5E08F187CB2A61FA153773A8B27BD7EDF5761E25B9D0DEA634DAE7858F5"
"fuzz/fuzz_targets/archive_manifest.rs","176","49CB990216567414545B4EC2DE028D373DB73EB403F25396FA99BD481BBFB526"
"fuzz/fuzz_targets/ballot_package.rs","172","69E47B3BE3CA8985252A5817B909E175AC38145CD776F3B98B72EDF6A6DC64F5"
"fuzz/fuzz_targets/candidate_set.rs","170","802ED537A346A744847BC64FA4A5C0D322356079290701A2BAC82A1F09C3BCAF"
"fuzz/fuzz_targets/canonical_cbor_reader.rs","186","16F561311E6D4B4801558C390187ABB4B996CD7133DEB9EA85EE1DD6A9EE594C"
"fuzz/fuzz_targets/election_manifest.rs","178","830EAEE666427ADC8CF4F44C086DBC97A82EB518A2DB2A8DC93FC3C139C970D7"
"fuzz/fuzz_targets/registry_snapshot.rs","178","9C5E70D35AB79DEE9B0C4C32E3191A348A8FE7AD37132CA8B0B2FFB9F7D45DB2"
"fuzz/import_seeds.py","3444","C5CDDD59E16C6B4D7066A516962BD9694F53B30B7A73DD9BCB6A5E0E33243D91"
"fuzz/rust-toolchain.toml","66","B568EFF36D42BE169260355FAD08E05E65090777352BF5602265F16B0B89E130"
"fuzz/src/lib.rs","10136","A8AD202FDE58F96B27E9B822067FF9C5DB12D53117C7AEA82026846308670C43"
"PHASE_STATUS.md","3644","3B6BB8889924B1088F759C7DF48D50356D0124909A2FA4E60870726645126E7C"
"README.md","763","9DD732393CEBC4555E590F3119EE92125D9359BCAF098BA0EDCC3B45C58B050F"
"ROADMAP.md","2858","E4AEB86D5B6BDD60C7FA79DCC88DFFDE5129D7EDEE2FCE06B5B6EFBCE1097D94"
"rustfmt.toml","97","48AEAC6BD682CC2234E53D087060269C03E77097C7E9C62403EEB791EDD770AE"
"rust-toolchain.toml","86","279D77167CEC5426FA80F457CD066DC74A360FBE4E2816F4F3FA01487A918FDC"
"scripts/Create-Phase1-Baseline.ps1","818","B579415AB14440A98B82ECA64C495B0E5D4D00203733754B9F972615EB91E4E4"
"scripts/Initialize-Project.ps1","628","2FDB5B463301A0D3DB3E5B0BA9BECDE6170ECB3308076E249CF41518C2F73028"
"START-HERE.md","1878","9DAB726DEAB1ABEE17D31CDBA66922907EB3B114479E7FCDD58C1512A66E5EC3"
"test-vectors/COVERAGE.md","4133","053DDBF4F15D32060BA52694C5C93062FBD309D4741A3160C24C9B378CCD932F"
"test-vectors/invalid/cbor-v1/duplicate-approval-selection/description.md","223","D60ED1C0DEE38530F9877C1A7FB014897A91D458170B8AE6EEF82FF1DCEF480B"
"test-vectors/invalid/cbor-v1/duplicate-approval-selection/expected.json","212","2F492C9D9A15C3353ED1D35B7556BAECA654E4FBC935D5D2DFDD81C4909F0C50"
"test-vectors/invalid/cbor-v1/duplicate-approval-selection/input.json","187","0243379640F45DED3A422318B5283E3E759B030C6122FA3DE6DD239BBE233A75"
"test-vectors/invalid/cbor-v1/duplicate-approval-selection/invalid.cbor","5","9E651BBD964F83C64880965A1025807B1A3FEB77C216DFD2BA3B2AF83A7EB42B"
"test-vectors/invalid/cbor-v1/duplicate-approval-selection/invalid.hex","11","01E247FD6D79A96A3796BCCD6FEC193BDD664F19BC46C1A1B466F43960AB5219"
"test-vectors/invalid/cbor-v1/duplicate-candidate-id/description.md","201","F69919CFC9E6200DC1C96498F9BED6BE7E53450115DCE6A09FEE777FA5D9809F"
"test-vectors/invalid/cbor-v1/duplicate-candidate-id/expected.json","196","5DC499C133E94ED2E2A2FEF2B0DD55A502FE5658BF19BC0F96AFDACFC27F6FBF"
"test-vectors/invalid/cbor-v1/duplicate-candidate-id/input.json","169","A046850EB22F65558233B5519821347EB282F0025182A1D155144A88AA884DB3"
"test-vectors/invalid/cbor-v1/duplicate-candidate-id/invalid.cbor","11","909899632DBDF1369CEC2E1921C0049422E878EEEAC5446610C5F7053C5CFDDE"
"test-vectors/invalid/cbor-v1/duplicate-candidate-id/invalid.hex","23","5D85D462C82D3D2A6DFAD344581F435358FA6ADD595BC9946CFCC4D6537AFC02"
"test-vectors/invalid/cbor-v1/duplicate-registry-key/description.md","202","F2ADE3DC7833DE0B8A1272DB78AAA1AF640749356FB85A6A3FEBC7ABEB03670E"
"test-vectors/invalid/cbor-v1/duplicate-registry-key/expected.json","202","F7C42EB4D9C405D667949A6564D8E0519854BAC68C3A8D5D0F6330509E462BD6"
"test-vectors/invalid/cbor-v1/duplicate-registry-key/input.json","172","2089FD5D8A936D7AE7EE5F56883C51FDD269D2D37B3F39B96A3110AC2F1E7656"
"test-vectors/invalid/cbor-v1/duplicate-registry-key/invalid.cbor","5","9E651BBD964F83C64880965A1025807B1A3FEB77C216DFD2BA3B2AF83A7EB42B"
"test-vectors/invalid/cbor-v1/duplicate-registry-key/invalid.hex","11","01E247FD6D79A96A3796BCCD6FEC193BDD664F19BC46C1A1B466F43960AB5219"
"test-vectors/invalid/cbor-v1/empty-candidate-set/description.md","174","27F6F88B6607395938AD46F36983FA411652362F67196255E7DE00BFA4CBE0FC"
"test-vectors/invalid/cbor-v1/empty-candidate-set/expected.json","190","CD254C2069EAD64703BF90AAFFA1E1708639C8051706AE7D6F5E721371A6E0F2"
"test-vectors/invalid/cbor-v1/empty-candidate-set/input.json","165","AB06431267396CFABBC5521200AE91A896E4FE2996794842F00C5C0B83F81CBE"
"test-vectors/invalid/cbor-v1/empty-candidate-set/invalid.cbor","1","76BE8B528D0075F7AAE98D6FA57A6D3C83AE480A8469E668D7B0AF968995AC71"
"test-vectors/invalid/cbor-v1/empty-candidate-set/invalid.hex","3","95AEBC97BC646C67FDCD923A5965B001F3C8A5C4D3A77075112E12A3A311D760"
"test-vectors/invalid/cbor-v1/empty-registry/description.md","186","8E665AA0DC0309F524E01292A0BC4BF252851BCB62CC3398391EA39A1C11DC9B"
"test-vectors/invalid/cbor-v1/empty-registry/expected.json","184","96BBD80E5709410E38FDDE7DFE10930F4A57D53A76F1A1BC0347CF2A905DE59A"
"test-vectors/invalid/cbor-v1/empty-registry/input.json","164","1DA9655FAD0F128F88BD7611E53CD948493C34B5D71D1BB0300DBC0B3DDAAAB0"
"test-vectors/invalid/cbor-v1/empty-registry/invalid.cbor","1","76BE8B528D0075F7AAE98D6FA57A6D3C83AE480A8469E668D7B0AF968995AC71"
"test-vectors/invalid/cbor-v1/empty-registry/invalid.hex","3","95AEBC97BC646C67FDCD923A5965B001F3C8A5C4D3A77075112E12A3A311D760"
"test-vectors/invalid/cbor-v1/indefinite-array/description.md","199","C3FE213A41CCF46E47A2C672A5DB533525B66DE7CCE4A89F451909BBDF7005DB"
"test-vectors/invalid/cbor-v1/indefinite-array/expected.json","186","3BA541FCFB5F7E1C45CCC53EF1DE6CD5FA3A8FA443CAD6CF2139D5FF46485879"
"test-vectors/invalid/cbor-v1/indefinite-array/input.json","162","0C43DD8331F71FEA0CF35F445712280B3CABFA9D13D69E514CDA7CB18076AD65"
"test-vectors/invalid/cbor-v1/indefinite-array/invalid.cbor","1","1F184F101C67D585BA00D24CFDE36863F747FBAB9E84AF7760EC771E9B36CA51"
"test-vectors/invalid/cbor-v1/indefinite-array/invalid.hex","3","3AB94113FBFE11E361F944DDB8743F2EE5ECB95D2492EA669113E24208B0E9DA"
"test-vectors/invalid/cbor-v1/invalid-utf8-text/description.md","174","732A41203545C4D801A9C5E64152DAB9D1B34E412E99B7CD8282259CBBBFACB5"
"test-vectors/invalid/cbor-v1/invalid-utf8-text/expected.json","180","F4250CF919C793ED46658C354BFFC33323D9644FF0083424B5607168A622430D"
"test-vectors/invalid/cbor-v1/invalid-utf8-text/input.json","162","4E024611BDA4887BEA019D2A687CA4D38656FB0E0982E9B116D724BECDB53BD8"
"test-vectors/invalid/cbor-v1/invalid-utf8-text/invalid.cbor","2","8DD06B5AB6B594257E41B7D8DD440A4062EDDC67FDAB5C13B4DC300176896F6E"
"test-vectors/invalid/cbor-v1/invalid-utf8-text/invalid.hex","5","05817D79E7C2EE37B8D7BDDA59B27DA389ECF142B0DD64DC64F97AEAECD50D3C"
"test-vectors/invalid/cbor-v1/non-shortest-unsigned/description.md","205","2E65DCFC2A08C9DD262D52AC8299F0DD6DC44D1FEEF6940937444A58934B4DFE"
"test-vectors/invalid/cbor-v1/non-shortest-unsigned/expected.json","194","0AD9859E36D5237374957EB8A2D9097F9359464C392A4E87A2029A5E8F4415DB"
"test-vectors/invalid/cbor-v1/non-shortest-unsigned/input.json","170","632944884BF90A81F0F617F19D4FA2717D61408D7B1EEB99CCF61775534CDF19"
"test-vectors/invalid/cbor-v1/non-shortest-unsigned/invalid.cbor","2","39BF521A8D4B506198F78CFE94C16DD53D39D745CA35E38562BCDB85E43A71E7"
"test-vectors/invalid/cbor-v1/non-shortest-unsigned/invalid.hex","5","92ADFDA5A32A7C8346A09A681A27688C6910AC688EE8CEAA0BC075BBB2816219"
"test-vectors/invalid/cbor-v1/README.md","499","762B85D6CB28DDB3A2E76DBEA47203B025AD2E095D8AE88AB9C59A2AE5803E47"
"test-vectors/invalid/cbor-v1/too-few-approval-selections/description.md","221","01F9DB588B28FC12C100B3E42D7B424CF93D997FCC284E137247C0ACC372DDDE"
"test-vectors/invalid/cbor-v1/too-few-approval-selections/expected.json","220","ACCE4BC17B2262EEF74DBE3779BE3BB16D60D85B28EBCEF463E80227E731685B"
"test-vectors/invalid/cbor-v1/too-few-approval-selections/input.json","186","A23457D7652880C5DFA782135D2EF5C005307D78FA2B531CBD1E27EBBAC984D9"
"test-vectors/invalid/cbor-v1/too-few-approval-selections/invalid.cbor","1","76BE8B528D0075F7AAE98D6FA57A6D3C83AE480A8469E668D7B0AF968995AC71"
"test-vectors/invalid/cbor-v1/too-few-approval-selections/invalid.hex","3","95AEBC97BC646C67FDCD923A5965B001F3C8A5C4D3A77075112E12A3A311D760"
"test-vectors/invalid/cbor-v1/too-many-approval-selections/description.md","228","DD534B1BBA41D90C5E31C8BDCF08D90CB7750EDA1E87C069C20086DC256F7671"
"test-vectors/invalid/cbor-v1/too-many-approval-selections/expected.json","221","0218B338036C8C110FD0132F3C3CF86F46A96122E43C5CF7C82EEE9BA5492306"
"test-vectors/invalid/cbor-v1/too-many-approval-selections/input.json","187","B78C30C0014046F5DA994207F4D50F981387EE828788B81C90CA8503AE198B92"
"test-vectors/invalid/cbor-v1/too-many-approval-selections/invalid.cbor","5","CDEB20F9D1202485664CEB5970F392D85144A8BE24866E209A0AE8ACF57C5116"
"test-vectors/invalid/cbor-v1/too-many-approval-selections/invalid.hex","11","994C3148EB7EE58433C837C72061CEC08CD9328CAE27B5E57F0EED6EAC962C17"
"test-vectors/invalid/cbor-v1/trailing-registry-data/description.md","209","586ACC0E11C4B4D07C76E505005F5D1E26A6170E98341887ADCAB57B0B76EA52"
"test-vectors/invalid/cbor-v1/trailing-registry-data/expected.json","196","D43DB2720AD04541A5CD6C447CDCA6C3C1CACE49C51CC29972AA3DB1C4EC98CC"
"test-vectors/invalid/cbor-v1/trailing-registry-data/input.json","172","6F365134957A59D61D5E9EB8790AB2D25689EF37561650E654AA11BE6DA3371E"
"test-vectors/invalid/cbor-v1/trailing-registry-data/invalid.cbor","4","B2794EC5CE2D0545718D6120B93DC4DD1A8F9C475406EE53EE4EC85A81AB9A37"
"test-vectors/invalid/cbor-v1/trailing-registry-data/invalid.hex","9","2D8DB06972E878CD11388493F8E619FD3660D50E8B7A279400D76F3122677CF6"
"test-vectors/invalid/cbor-v1/truncated-candidate-set/description.md","199","5831BCC13D22E5B3617AFD0C9469BD94FDDED9233BDC7A5E5327C1FF60A9B5CB"
"test-vectors/invalid/cbor-v1/truncated-candidate-set/expected.json","187","9498C44BCF462DB54B11FEC9FC43096B68D9AE98EA66E74FF1A025337FC5A379"
"test-vectors/invalid/cbor-v1/truncated-candidate-set/input.json","169","E30C9E3519C729C5EC54348AF8CB68489331D1361E307CD8AF457422E8FB1A74"
"test-vectors/invalid/cbor-v1/truncated-candidate-set/invalid.cbor","1","591B7CC95037822DEC5A4D593A2E2E8B19C07DDD2570E5699003D17F14C440A6"
"test-vectors/invalid/cbor-v1/truncated-candidate-set/invalid.hex","3","CE516E29A2CCFE4BAB40E4E6ADAB7661CD695680482C00B1FAA738FC0DF62698"
"test-vectors/invalid/cbor-v1/unknown-approval-selection/description.md","234","F0B0821654B6A82CDE68C4CF2134D56B4999635DC5F4EA830B9E32664592538D"
"test-vectors/invalid/cbor-v1/unknown-approval-selection/expected.json","211","0B9E3B834BC1231D0BB1D28B3E07B6AB6360CDA45E16E36222FD730AF9F8BB6D"
"test-vectors/invalid/cbor-v1/unknown-approval-selection/input.json","185","A8DB3FA36D3C131170F81828352F686A8BA1E175A4A7C08986BFB4684B3E2967"
"test-vectors/invalid/cbor-v1/unknown-approval-selection/invalid.cbor","3","99A18C2A5BCF4CB1E3E7BE16E622045926EFE96F6F04E2020B9907762DC400F4"
"test-vectors/invalid/cbor-v1/unknown-approval-selection/invalid.hex","7","F590E4D3965C0E2A031EDF26A980F4AD6878DB2E5F4B381B07D9C30D705844D1"
"test-vectors/invalid/cbor-v1/unsorted-candidate-id/description.md","189","10C63D1078E5F6616075D5D9172864C0CA893F30BB82E8F2E3939DA9B4D27525"
"test-vectors/invalid/cbor-v1/unsorted-candidate-id/expected.json","191","E27EC7B2611BB1D826D5EF1AA2AD2B78A9A01B396DAEA08810C751321583024B"
"test-vectors/invalid/cbor-v1/unsorted-candidate-id/input.json","168","9E3301D8E4688798DC5ECECE6EBDCD3BB4A1FEE110E15A3976C8F57FE67E923B"
"test-vectors/invalid/cbor-v1/unsorted-candidate-id/invalid.cbor","11","3A0CC4B5AA7565FC21FCD8384E16259DAAD80389636941827F34153A943AC5D1"
"test-vectors/invalid/cbor-v1/unsorted-candidate-id/invalid.hex","23","827F0EBA9553F87D649A1C0B84EF1D969B98F08CCA2AF62AA2B28990F7144346"
"test-vectors/invalid/cbor-v1/unsorted-registry-key/description.md","206","48943AA6A7682DC912C96F0866C87F2A7E3B8F88998EA234A3FDD739B48B982C"
"test-vectors/invalid/cbor-v1/unsorted-registry-key/expected.json","195","77EAB68F0980588BBE6209833AAECC8C050971FAE8CA3C780C6E29348C90F15D"
"test-vectors/invalid/cbor-v1/unsorted-registry-key/input.json","171","E09972454F56A9616B7F0D16397D1DD6335D91538157F0CC87FC07F7E4FB3681"
"test-vectors/invalid/cbor-v1/unsorted-registry-key/invalid.cbor","5","F01F64BF9E50705DE5405DCD832C042A7E2B12DC759908F2CE5EF7FC8E5646E0"
"test-vectors/invalid/cbor-v1/unsorted-registry-key/invalid.hex","11","E327770E8E6F5820377A91568339B31BD7FB3E26A1D90D8F9CB2147C6127DE54"
"test-vectors/invalid/cbor-v1/wrong-candidate-entry-type/description.md","209","C59ACA3947BBBB80CB1A1C2E67339D7FFC75EA92FE158567797AD08C89C7003F"
"test-vectors/invalid/cbor-v1/wrong-candidate-entry-type/expected.json","198","E722B866024007503C8B07670EEE1DA5B29CAD19E1A5F6D93DCA8AD8FFB2F91E"
"test-vectors/invalid/cbor-v1/wrong-candidate-entry-type/input.json","172","DF425A7715D2E66BA97E1CD0FF16E021A4A80E6F04D5C9BD6847080001BA28D2"
"test-vectors/invalid/cbor-v1/wrong-candidate-entry-type/invalid.cbor","3","33F258578230E95C7D61DFDB063A66DFAEFA2CF52A80703808CF681FF99D02D0"
"test-vectors/invalid/cbor-v1/wrong-candidate-entry-type/invalid.hex","7","7B29C7E986C5F7C1DFD583557CF30D13919716DF44ABCBA7E0712B1196ECCFCC"
"test-vectors/invalid/semantic-v1/archive-file-digest-mismatch/description.md","218","3C62A4C3F46847FDE8E2BC9A09D046CA028EA1A706E413D59016D17390936C23"
"test-vectors/invalid/semantic-v1/archive-file-digest-mismatch/expected.json","185","88ED03B6DC9529B0082E89D384300CD63FBDCCD689D0A0D17159499F7977E584"
"test-vectors/invalid/semantic-v1/archive-file-digest-mismatch/scenario.json","195","C3329DB09CD526BA3FD39BAA82D59A1955B4F8AEB2B1BD5FA8D5C4A20832F79E"
"test-vectors/invalid/semantic-v1/archive-manifest-hash-mismatch/description.md","227","81C7F8CDDA67FCDC43D3E24A0B1483B4B24CACD9CC04DE0EC7EBAF68441462BA"
"test-vectors/invalid/semantic-v1/archive-manifest-hash-mismatch/expected.json","189","D75454DBA393C02F06265F40A16026693BBC28AD7DADE270F52459A4C6E0BD92"
"test-vectors/invalid/semantic-v1/archive-manifest-hash-mismatch/scenario.json","199","E8CD667C41C83DEB6E7475E67473FD4EBA320D4E43A255ABE4F0D62AFA3B458A"
"test-vectors/invalid/semantic-v1/archive-provider-mismatch/description.md","220","2C34E0E0A00EE067EA0C0AF486E2297A4974E9783CDFEE538448E742EB1C9DB7"
"test-vectors/invalid/semantic-v1/archive-provider-mismatch/expected.json","180","8920CF3C769A46768122EEDA9F7ACBB46C9DD9F71396B751CFD225C827962D1E"
"test-vectors/invalid/semantic-v1/archive-provider-mismatch/scenario.json","189","019F7DB1D2CBD260170278240A488CF8AFEC3A96A1DED6B32438CC3A3A9C8A1F"
"test-vectors/invalid/semantic-v1/archive-self-reference/description.md","207","4A8EDF217564A5A4EF1EE0AD46DFF4F6AE62DB8D0D3D58ABB07173D68B0D64CE"
"test-vectors/invalid/semantic-v1/archive-self-reference/expected.json","175","BD874CA9B4E60B27A7327C7073E0774D3DDB3B1C95578D0D976FBEC2A942A1A6"
"test-vectors/invalid/semantic-v1/archive-self-reference/scenario.json","183","ADD32BAFD77FCE3CFFB9911E576914DF6C0152FDD2BD5FC8394A4ADD8FCA52D5"
"test-vectors/invalid/semantic-v1/decision-without-submission/description.md","209","8C4F9869A2E258F96EC25B9A388E7421E47C643B036856FC8D3957025CF07BF5"
"test-vectors/invalid/semantic-v1/decision-without-submission/expected.json","179","D56307667B866FCF81077C0CB909A2E545863C0ABF88648031789556ACD0031F"
"test-vectors/invalid/semantic-v1/decision-without-submission/scenario.json","193","63860C74F0EAB934E617F9313BB600CF8AE0FC1DC87E068CD6C781A091D7B8A6"
"test-vectors/invalid/semantic-v1/duplicate-nullifier/description.md","193","14522590D33AD43B49E1DE2818257B8E2E178F72D4D183A08544F7947F1601BA"
"test-vectors/invalid/semantic-v1/duplicate-nullifier/expected.json","167","DD0E15E4FDABBDACF35AE9509AB5CB54C1A05614FC463809AC82FC461325F8E6"
"test-vectors/invalid/semantic-v1/duplicate-nullifier/scenario.json","177","D38DCBEBA862ECD53832CEEF2731468A1594F5741818F08265490080BC14E8B5"
"test-vectors/invalid/semantic-v1/duplicate-replay-decision/description.md","200","854426387BA56EA1507511982C0F0E4510E3335406DEF40338849612B32F8A16"
"test-vectors/invalid/semantic-v1/duplicate-replay-decision/expected.json","179","95E614B80A30EB897FD44A4E49E014FF3159E1EF27F609D49E1ADB92D1B8B103"
"test-vectors/invalid/semantic-v1/duplicate-replay-decision/scenario.json","189","06A5EC7B1DB0A67ADBA8EA4D47008E965D583834C4D6105CE153D86F15CD4349"
"test-vectors/invalid/semantic-v1/election-not-open/description.md","184","A97B14231A047C8016546FFB2C6BFD8D294B5D98F5DF3C65C57C167A6B95B4B1"
"test-vectors/invalid/semantic-v1/election-not-open/expected.json","163","DEC8FF5928A0DAE405EB9A1F379FAE9495E8B34E914C864DF7BAD89FFD0B4C47"
"test-vectors/invalid/semantic-v1/election-not-open/scenario.json","173","8A6F409B0AE938A97F067ECA317FB61C4EDE11BC91FC33706705614DDC542FBA"
"test-vectors/invalid/semantic-v1/empty-proof/description.md","150","608F6099F9C89F4B89ED1841779A28ACB74F3777F8D161FDF0FA05FDECDA110C"
"test-vectors/invalid/semantic-v1/empty-proof/expected.json","152","BC3E5D7084AF70305BC4EC2CCAB12C679DCF69F80C8ADF7D30D24EBA4D163604"
"test-vectors/invalid/semantic-v1/empty-proof/scenario.json","161","5AF685291EF7487301D364B15EB74D6BD52C3096011F34BF024B1C6A2245D476"
"test-vectors/invalid/semantic-v1/incomplete-replay-transcript/description.md","212","235E0FE0F5F0AA825A79764A8499DD3A2BCD1AF165E3D44C53809CFADA41C3FC"
"test-vectors/invalid/semantic-v1/incomplete-replay-transcript/expected.json","191","65C07DB68B1993FBF8CFC3C9C70D1CB560F250202D1FF0813B02BD3A1E235689"
"test-vectors/invalid/semantic-v1/incomplete-replay-transcript/scenario.json","195","74625D60C3741168CA0D73C79933B169AF9364AF80D93BF9F8506DD27D2AA965"
"test-vectors/invalid/semantic-v1/lifecycle-wrong-manifest/description.md","201","6B30E40A3AC16A41EF85A659C662FB5BBD7077622FA215CE23862C9F9DD91AAB"
"test-vectors/invalid/semantic-v1/lifecycle-wrong-manifest/expected.json","172","0EE7949C7EE0FCE633F1832F50225089BE72F26EFFE204D704C7698314C8A96E"
"test-vectors/invalid/semantic-v1/lifecycle-wrong-manifest/scenario.json","187","456EA6F0BF1C5704671EC5BB4F2683FAAA8CA27C04D1B0E11825618A557D4937"
"test-vectors/invalid/semantic-v1/lifecycle-wrong-registry/description.md","216","497E1D6E695BA785971016B211FFB16287E78ADFA3FE63F32080980DADE03A8A"
"test-vectors/invalid/semantic-v1/lifecycle-wrong-registry/expected.json","182","4E98141D2B68B1C22C4FA7E86939699DC922D65111291083421246C464884277"
"test-vectors/invalid/semantic-v1/lifecycle-wrong-registry/scenario.json","187","0C878C16FA76AFDE71EFF7C4088BBD438996D611194C16F1F56901F87FEA725E"
"test-vectors/invalid/semantic-v1/malformed-test-only-proof/description.md","208","33DB9A4D3326606DF002A1F57BCB849C39D7006AD009E7D92C5B4FD493830A55"
"test-vectors/invalid/semantic-v1/malformed-test-only-proof/expected.json","166","422BEAF34864D3511C5D0A604693C71E89CA2C393D8FC1C9C08014EC45A661D8"
"test-vectors/invalid/semantic-v1/malformed-test-only-proof/scenario.json","189","86499AB6529417A60878E4CC59E0A1AF127C40843F2EB41695FEA062DE3B351F"
"test-vectors/invalid/semantic-v1/proof-for-other-ballot/description.md","190","FE11196BF4FE8DAFDD18E7BE1EEF8B83845CDE17C8668AE5FB669B3EBA36C195"
"test-vectors/invalid/semantic-v1/proof-for-other-ballot/expected.json","163","DD8109544BAC8948C0E8E64C214833674FF0EB1D840BBF33F92B025440E3D161"
"test-vectors/invalid/semantic-v1/proof-for-other-ballot/scenario.json","183","4CE54E49F45774B0A116437F86359723E4C149457CC9FE7FF6C456EBCB2BE07B"
"test-vectors/invalid/semantic-v1/README.md","709","5951C4905A1756730E533A238F281FC47465B4B0DF9326461562C01EC46531D4"
"test-vectors/invalid/semantic-v1/replay-digest-mismatch/description.md","208","53B06289FBF3D622CE6E551DAA47E9CE8F815EF7C2493BC553FE60E9AA6F78C2"
"test-vectors/invalid/semantic-v1/replay-digest-mismatch/expected.json","182","C3FFE124A1E27045FF182FF6D73A3CB6E8D7E33A874E1F005E3729C1219F17BE"
"test-vectors/invalid/semantic-v1/replay-digest-mismatch/scenario.json","183","C5658DA0EF7E400BA06C684E84707D0A0F9D95285D13530CA8CFDAF4D37A0ED2"
"test-vectors/invalid/semantic-v1/skipped-replay-decision/description.md","200","C6D455296D88006FCF5380323A24180D29B261F10386C36993BFA40329E4E6D0"
"test-vectors/invalid/semantic-v1/skipped-replay-decision/expected.json","175","EC79199582ABE3E9FA59D2AC743C6D07A70E2A85578D9C35E35549564D21FD9E"
"test-vectors/invalid/semantic-v1/skipped-replay-decision/scenario.json","185","D986A0956572B1A47CA06BA8553F711E3163414B2376E736F438B5EAC14AAAEE"
"test-vectors/invalid/semantic-v1/unsupported-manifest-version/description.md","195","90434AC941B3C1E96FAE6801C5EBDD5E3ED3A92E497E8E6F252A1B5058D719A4"
"test-vectors/invalid/semantic-v1/unsupported-manifest-version/expected.json","185","2A277208520ADB74720DBF41C10E7865E0FEF9B74B6E46A10C4064D217A2A66C"
"test-vectors/invalid/semantic-v1/unsupported-manifest-version/scenario.json","195","0365AC94A3AE4C76BF815545382537AA2F36E351B47E753D9283620E7F059A24"
"test-vectors/invalid/semantic-v1/unsupported-package-version/description.md","189","1168C10DC37A8359A5E5A6125CAAF7FDE296BFDB4FD80FAA9CD1EE296D8EBD23"
"test-vectors/invalid/semantic-v1/unsupported-package-version/expected.json","184","596D611114DF93ADD383429AE99430FCE7A0736A0EBE7731F6DD105FC1BA671E"
"test-vectors/invalid/semantic-v1/unsupported-package-version/scenario.json","193","589548F6B29919E37BC26199EB84A06EEA7118D47D84C7D230F7E352C2C3A724"
"test-vectors/invalid/semantic-v1/unsupported-proof-suite/description.md","201","21C30B950A44BE1E643E27BBBDF36540391A467BE55159C23A353FB1DECAE8FC"
"test-vectors/invalid/semantic-v1/unsupported-proof-suite/expected.json","175","43746104D814635A16363FC7CB3A2367BFEBD154E03BF118BE4082A9AB73BEBE"
"test-vectors/invalid/semantic-v1/unsupported-proof-suite/scenario.json","185","9A69657ED8F0F4D127673A4C3170B7D8EF9D6BF06BBAA2F049FCA176A7604F40"
"test-vectors/invalid/semantic-v1/wrong-manifest-hash/description.md","186","AD3EC78B382D984ACA72417157514CCAB9F287AD99094E47D3D582513BB51375"
"test-vectors/invalid/semantic-v1/wrong-manifest-hash/expected.json","167","2128AAA47334C2FA447B414BAE3B52256D46C29AB5FCC0EB0BBF00BB2038B0FC"
"test-vectors/invalid/semantic-v1/wrong-manifest-hash/scenario.json","177","7498927B18C816A65864878C8411B5158D08E16B5CE4DFF24F0712B319AD6570"
"test-vectors/README.md","931","C79B75B58F6A161685E9E994A854A8B6D1066542C882E8505915E121B61CDB53"
"test-vectors/schema/invalid-case-v1.md","755","6402C215688FCA2B8186DAFEC2C2BF10C405EAE51D7F60D91C553970C0B5845A"
"test-vectors/schema/semantic-case-v1.md","580","ABB6974A602C68C8CA1B1D2D580CAA6F786698691B408E7BBDE4AB4FA08485F7"
"test-vectors/schema/valid-case-v1.md","1151","51F56F5681B42E2369B85BFD7F6CB2A20F5142CB897D92F8BBAC5D165D68371E"
"test-vectors/valid/canonical-v1/approval-ballot-single-selection/canonical.cbor","9","8C1537F7ABE51B80FDDB3C00AE805FBD21010507042376C2332B8DA819976DC2"
"test-vectors/valid/canonical-v1/approval-ballot-single-selection/canonical.hex","19","66B8FB1F628ADC70364CA56711D4A7B2EF82673B620E09E402F743B5562A00A1"
"test-vectors/valid/canonical-v1/approval-ballot-single-selection/description.md","310","F1AD5FF9D274D74442D3412F95203DAA1327B4FC0673620A050EB4FBA5BD7EC7"
"test-vectors/valid/canonical-v1/approval-ballot-single-selection/expected.json","284","09A9BCD66D62C30FD1EE575643284CF6C4C1F53A26CEB66009E7B5ADBB057416"
"test-vectors/valid/canonical-v1/approval-ballot-single-selection/expected-hashes.json","334","CACCFD676FF40B1C206633A8F57474D8CDBC44E534FF64F8A1C29EA91FBF6A91"
"test-vectors/valid/canonical-v1/approval-ballot-single-selection/input.json","236","CAAFABE3F3492FB10BDB0BC8238E930E688063CFE07BB9CFE33FF6505AAD8443"
"test-vectors/valid/canonical-v1/archive-manifest-ballot-measure/canonical.cbor","307","91A47611D97531D531FE685772EAF1082817AA2832DE3D75C32B63B920582E3B"
"test-vectors/valid/canonical-v1/archive-manifest-ballot-measure/canonical.hex","615","4394B76C6DEB490A986CF96D1F0F7CB28CC1B51E4992B901E3F6ADDFCB3EDD29"
"test-vectors/valid/canonical-v1/archive-manifest-ballot-measure/description.md","430","ECEF1E44B70A93F3D2CC17762743E846A83FDF27767EF4B8C7E00E85E82A4CC1"
"test-vectors/valid/canonical-v1/archive-manifest-ballot-measure/expected.json","318","24831F13A597F4A8368FF0357270AC790087B2F18F93325F15BD324E3466E6AA"
"test-vectors/valid/canonical-v1/archive-manifest-ballot-measure/expected-hashes.json","363","4F7906FF102BC5AC975609F313353060D99786DF748C2B93909F7A858AE3DE5C"
"test-vectors/valid/canonical-v1/archive-manifest-ballot-measure/input.json","410","377229C73EFDA3437AD155AA192539ADB78FDCE2753034DAE164BA57FEE85885"
"test-vectors/valid/canonical-v1/archive-manifest-candidate-election/canonical.cbor","307","2046149739B43AFCAF6C13CF9A290A035A1AA116479D4E04CFC2B1D451C6048E"
"test-vectors/valid/canonical-v1/archive-manifest-candidate-election/canonical.hex","615","429A0C96C7728B27A9D0FE6C66AA6A77EDDBEEC92B7FEEDD7CBFB75AEC702FF1"
"test-vectors/valid/canonical-v1/archive-manifest-candidate-election/description.md","428","14AE730D75ABDF2CCBB0A763A0F1E272D75D5A42CEB201E554A4C580746A7BDC"
"test-vectors/valid/canonical-v1/archive-manifest-candidate-election/expected.json","326","C53356E630413777170398CCE26AB754EB1ACB175D391F2574B311F7389F9E90"
"test-vectors/valid/canonical-v1/archive-manifest-candidate-election/expected-hashes.json","371","070DD6D36D1947C88AC8723C926CB4BE7A8128C7E03F35316B6152F34C5CCBC7"
"test-vectors/valid/canonical-v1/archive-manifest-candidate-election/input.json","422","33EBADCF235D3293BCFB20D80FBCB4A4812C11554F42B3F8457FD1EC331425F8"
"test-vectors/valid/canonical-v1/ballot-package-ballot-measure/canonical.cbor","484","A760BC48C7DA5A66E13DA73D8E7ADC74BEA50DEBA427EAF265DDC007E0C48911"
"test-vectors/valid/canonical-v1/ballot-package-ballot-measure/canonical.hex","969","8AD3CC68FFF30EAC6917ED05089CD8F7B31EA60AB29940EB23F1D6D883CA912F"
"test-vectors/valid/canonical-v1/ballot-package-ballot-measure/description.md","480","C870AB64680892F821C5ADD5F1D1DA67D6E16A7349FE7BD123A2ECBDAB36C617"
"test-vectors/valid/canonical-v1/ballot-package-ballot-measure/expected.json","314","0F6242C9FC5C118BCC166184E0FCBD13D1810E6C21A66FBD48929541138F5FE3"
"test-vectors/valid/canonical-v1/ballot-package-ballot-measure/expected-hashes.json","359","0145AC6D24E841A5A1D1789ED8F5EAF3E2F3E7629D942DABAC4C5AE662D8757E"
"test-vectors/valid/canonical-v1/ballot-package-ballot-measure/input.json","406","DDB1687BA19BB0A813BD2E213458867F7D9E77FADCFABEE2D8D61ECE2E51FD57"
"test-vectors/valid/canonical-v1/ballot-package-candidate-election/canonical.cbor","515","C6FF1D4A8202BB936211932503CFD0600733E680F2567EB04FA9E393C4DCD349"
"test-vectors/valid/canonical-v1/ballot-package-candidate-election/canonical.hex","1031","AF01155F2BFCFE0708D40B5432D3E48265D8DB51A1C7448C39CB718C9BB8F56B"
"test-vectors/valid/canonical-v1/ballot-package-candidate-election/description.md","478","F55A3E5C66C7697644F2C3D908056647A66EE1D28AE2959B4EB631DDAEDD515A"
"test-vectors/valid/canonical-v1/ballot-package-candidate-election/expected.json","322","97AEB784243CAEB56F3056F0F46FF98823D03C4D46763F5ACD1C06B28A8E72E3"
"test-vectors/valid/canonical-v1/ballot-package-candidate-election/expected-hashes.json","367","7526312EF7D82CCC06AC0D6131AE18A9EA52BD726B97A00C1694D0A50F147B2F"
"test-vectors/valid/canonical-v1/ballot-package-candidate-election/input.json","418","791841D53A934D7027B4582806BA6AE4B0EA3AD88DC23601FBB193096D98566B"
"test-vectors/valid/canonical-v1/candidate-set-governance-options/canonical.cbor","46","59846CBE753ACBB27D0B1502D475DC0DC85FE52986466D98E937A8340DAB6F24"
"test-vectors/valid/canonical-v1/candidate-set-governance-options/canonical.hex","93","EAA5995F610013AD993FCC1CBBCEE6B840DC47BC235B284A8ADC44158818121A"
"test-vectors/valid/canonical-v1/candidate-set-governance-options/description.md","309","9713935B15A325167E1F30B91A39BDB4C85877CDF1B87913692D9F94E6D61390"
"test-vectors/valid/canonical-v1/candidate-set-governance-options/expected.json","276","9B531994713048D539F6BF683D1D79BC426921E0690D51B283FF3B78D14C0D12"
"test-vectors/valid/canonical-v1/candidate-set-governance-options/expected-hashes.json","324","9A4E7A029181A1EAB1E47567D36C552B7A28E6A4D78806140FEAA1A45C708C32"
"test-vectors/valid/canonical-v1/candidate-set-governance-options/input.json","254","40EFCEE778EE6915604FA154650E8B97215B4504F1309FFCEAF9A0256BB698DE"
"test-vectors/valid/canonical-v1/election-manifest-ballot-measure/canonical.cbor","231","8C19833326DF0FA9F1FB4BB56DF642A77F5067D13B6C957C7AF5F17AC34384AD"
"test-vectors/valid/canonical-v1/election-manifest-ballot-measure/canonical.hex","463","AF3DF8BD080F6A4836964E7D409CAF05CD7D071C9E5089C1B186887999CC9D85"
"test-vectors/valid/canonical-v1/election-manifest-ballot-measure/description.md","432","A206BDD2BC2CECD93F12A5B9B3280AF38864D3A126008F1C66E9F917493ABA78"
"test-vectors/valid/canonical-v1/election-manifest-ballot-measure/expected.json","320","811E97E3E8CA6E7531F7EFCE556896D1F67CBFAE832A0C6EB7F5E22C79F5ADB2"
"test-vectors/valid/canonical-v1/election-manifest-ballot-measure/expected-hashes.json","365","9D5DD4FF5D69450FD56A84076EFAFFE830D1F50D8CA06F243419FE453FC07382"
"test-vectors/valid/canonical-v1/election-manifest-ballot-measure/input.json","412","51DCE51E281436210FC59B0F0546ABC6CCE0C86632E9A0754D1A15C224B0A2AE"
"test-vectors/valid/canonical-v1/election-manifest-candidate-election/canonical.cbor","237","D5B0CC4254942DEEF377F51CF8F7E5A236EE80BACB6EE32243ADD31627B13124"
"test-vectors/valid/canonical-v1/election-manifest-candidate-election/canonical.hex","475","4CEB166B4CF6C4D8C93D6EA904EB95061F5DD20FF58F9A820D4EB552F4B23827"
"test-vectors/valid/canonical-v1/election-manifest-candidate-election/description.md","430","E10386CD61E21B3AC52BA4004CB2728F682EC7AE09F16FD2E21B32D7CF2AF7A2"
"test-vectors/valid/canonical-v1/election-manifest-candidate-election/expected.json","328","96DAFD52A2F5798834DC6BFFFD31245F44509E937C45A7AFFF56719513AEED58"
"test-vectors/valid/canonical-v1/election-manifest-candidate-election/expected-hashes.json","373","BAF1256AD26473FBBAC57FB5FE87F5B0A087C8888E6DCD62DA431BBA74880089"
"test-vectors/valid/canonical-v1/election-manifest-candidate-election/input.json","424","F948719679BF76DCBC110DA92533920668B34D6D833DA923BE9447CAE7F29A7B"
"test-vectors/valid/canonical-v1/README.md","1490","384D0A82A2419F0C5F588EF3B3EE874665A754D330D420B5E5B2E41A5307F281"
"test-vectors/valid/canonical-v1/registry-snapshot-multi-member/canonical.cbor","66","2F3A125BE0FF4AD8C40DFE233062BB2808CC8F16933187015246962D5DD7DDAD"
"test-vectors/valid/canonical-v1/registry-snapshot-multi-member/canonical.hex","133","8C49B3A1C80C34D57835CE8ACBF44DA9239B5D675A6A9C16371EBFFF43EFC591"
"test-vectors/valid/canonical-v1/registry-snapshot-multi-member/description.md","298","9AD51055A052BD15EAFB3CEDB457CBAD053101FE0108190E6BA86385CB6F53AA"
"test-vectors/valid/canonical-v1/registry-snapshot-multi-member/expected.json","278","AD2F290BC3AD10D3B13D35DB34A077A005B37ABA08DF89A3C98235470845ADAE"
"test-vectors/valid/canonical-v1/registry-snapshot-multi-member/expected-hashes.json","326","727F013DA09E03454C00F0A2DFD59DEF33298B903DB2A5BB25A116211DF12647"
"test-vectors/valid/canonical-v1/registry-snapshot-multi-member/input.json","245","457AD765E157CEC975AFB7C208710C6765E55FF47912AC5C413BA6E9C1CBB67D"
"test-vectors/valid/independent-verification-v1.json","4141","0BB4247B0747716CE8605ABF5B181E8B0A16E20B0D3B11B8C230B12045727F00"
"test-vectors/valid/README.md","774","082482FCF3A68E09BDB01B7D15062EF86795126C757C6C5D610524C83E9BE4D0"
"tools/independent_vector_verifier.py","28934","F68EEDD72FF29A224BFA0B48D77715576FEBD47BBCA42E5E38997A42CC829023"
"tools/test_independent_vector_verifier.py","6419","2C1CAD95FB0B474566900FA3419DFC29C8C75E0EEE7854BA0C2D8901301B4C4E"
